InvoiceNo,StockCode,Description,Quantity,InvoiceDate,UnitPrice,CustomerID,Country,Category
1,25795,Tablet,4,2022-06-05,487.3554801047682,12350,México,Electrónica
2,10860,Monitor,3,2022-06-21,273.0293366647445,11269,Francia,Informática
3,86820,Monitor,8,2022-12-01,307.6491943070568,11260,Reino Unido,Informática
4,64886,Monitor,4,2022-02-10,293.1368107719389,17701,Francia,Informática
5,16265,Tablet,2,2022-03-04,543.6267139413219,18376,Colombia,Electrónica
6,92386,Altavoces,2,2022-01-23,201.67960299559064,14563,España,Audio
7,47194,Auriculares,1,2022-12-26,163.18954533880526,16897,España,Audio
8,97498,Cámara,4,2022-03-16,566.4580432167965,15672,Chile,Fotografía
9,54131,Altavoces,9,2022-02-17,209.02903641456413,15593,México,Audio
10,70263,Cámara,7,2022-06-09,614.069882501847,16155,Reino Unido,Fotografía
11,26023,Smartphone,7,2022-11-09,838.3053167730098,15543,Alemania,Electrónica
12,51090,Impresora,7,2022-04-28,235.73339319862686,17240,Chile,Informática
13,77221,Impresora,8,2022-04-10,258.2497258118887,14683,Chile,Informática
14,74820,Mouse,1,2022-06-16,49.98040393056869,11881,México,Accesorios
15,10769,Impresora,8,2022-10-17,262.1412487453158,18713,Estados Unidos,Informática
16,69735,Tablet,4,2022-06-05,482.7044644151818,13809,Reino Unido,Electrónica
17,72955,Teclado,4,2022-01-07,86.24091240744404,15807,Alemania,Accesorios
18,74925,Laptop,4,2022-07-15,1100.232315506724,14883,España,Informática
19,77969,Mouse,6,2022-02-25,53.071893187911876,17206,México,Accesorios
20,15311,Laptop,7,2022-11-17,1286.7167101956218,14155,Alemania,Informática
21,93104,Cámara,6,2022-07-12,638.0702773640186,14673,Colombia,Fotografía
22,63707,Laptop,1,2022-02-16,1203.0543346228262,11409,Chile,Informática
23,95305,Laptop,8,2022-05-28,1185.2123952073828,19886,México,Informática
24,38693,Mouse,7,2022-10-02,54.96262286524877,15197,España,Accesorios
25,81932,Smartphone,6,2022-06-06,756.667512194266,17452,Francia,Electrónica
26,35658,Monitor,6,2022-07-21,302.81255795256266,18718,España,Informática
27,94478,Impresora,5,2022-05-06,258.5337762691163,12172,Colombia,Informática
28,28431,Impresora,6,2022-11-01,260.0433817930716,10279,México,Informática
29,12747,Tablet,9,2022-10-21,470.40246657385785,13977,Colombia,Electrónica
30,69150,Mouse,9,2022-03-05,51.53994092339801,12669,Reino Unido,Accesorios
31,75725,Tablet,8,2022-11-21,531.8369566481338,17825,Reino Unido,Electrónica
32,94654,Teclado,9,2022-06-25,72.8002972291378,19943,Francia,Accesorios
33,45773,Teclado,8,2022-04-26,86.58434069320506,13981,Chile,Accesorios
34,77435,Tablet,8,2022-07-23,452.9504055145206,14769,Estados Unidos,Electrónica
35,66886,Mouse,1,2022-11-17,48.559710324883945,15247,Argentina,Accesorios
36,76803,Tablet,5,2022-01-31,451.5813196232962,14427,Alemania,Electrónica
37,41551,Impresora,4,2022-04-23,228.8572584269791,16135,Colombia,Informática
38,21394,Altavoces,2,2022-11-21,216.44673140720317,15573,Alemania,Audio
39,79092,Auriculares,8,2022-12-10,145.64582492238443,14131,Francia,Audio
40,13890,Laptop,3,2022-03-08,1181.9451673020126,19900,Alemania,Informática
41,51606,Auriculares,4,2022-03-16,141.4603314414766,17189,Alemania,Audio
42,90038,Mouse,7,2022-02-14,50.970957701867206,14535,España,Accesorios
43,97313,Auriculares,9,2022-09-17,152.8440964403337,12776,México,Audio
44,20627,Teclado,2,2022-06-03,77.95520626920352,19311,Chile,Accesorios
45,18792,Cámara,3,2022-06-04,579.9641846166478,17697,Argentina,Fotografía
46,83969,Laptop,4,2022-12-29,1292.3914339633411,18386,México,Informática
47,53001,Monitor,1,2022-08-22,292.9970543785321,10662,España,Informática
48,86552,Mouse,7,2022-02-20,49.93500992154408,18671,Alemania,Accesorios
49,33897,Laptop,2,2022-11-02,1147.9931429819835,18044,Argentina,Informática
50,78148,Auriculares,5,2022-09-19,158.60308510071383,14218,España,Audio
51,33483,Teclado,1,2022-11-11,78.35917051038547,19615,España,Accesorios
52,58555,Smartphone,3,2022-05-05,802.177767447092,15060,España,Electrónica
53,27159,Altavoces,2,2022-09-02,190.13428680238647,15874,Reino Unido,Audio
54,90077,Monitor,1,2022-01-30,329.2595755404751,15581,Argentina,Informática
55,45920,Altavoces,7,2022-05-02,191.65982963694893,12014,España,Audio
56,77121,Laptop,5,2022-05-05,1264.9782074173324,13789,Estados Unidos,Informática
57,79479,Teclado,1,2022-02-06,78.83993040570815,19103,Alemania,Accesorios
58,99475,Teclado,6,2022-06-19,75.29947848134624,17148,Argentina,Accesorios
59,29457,Auriculares,5,2022-05-04,158.99156291894585,17766,Reino Unido,Audio
60,76557,Impresora,3,2022-12-23,241.68033945145217,12364,Colombia,Informática
61,87189,Auriculares,7,2022-02-04,160.95580042193433,13629,Colombia,Audio
62,88953,Impresora,9,2022-03-28,270.76285924589115,15919,Chile,Informática
63,62995,Impresora,9,2022-05-14,267.99119176956384,15675,Perú,Informática
64,50757,Monitor,9,2022-07-15,272.1004748884083,18872,Estados Unidos,Informática
65,19692,Auriculares,2,2022-10-01,158.6212003501532,16638,Colombia,Audio
66,55758,Smartphone,3,2022-07-20,785.814314639863,14651,Reino Unido,Electrónica
67,82409,Tablet,7,2022-10-12,537.3722920182225,10609,Perú,Electrónica
68,81211,Tablet,5,2022-03-18,513.7954262684739,17940,España,Electrónica
69,75697,Auriculares,2,2022-02-28,160.00929402431876,13866,España,Audio
70,47065,Auriculares,3,2022-05-06,149.98295309600508,10371,Francia,Audio
71,42606,Altavoces,6,2022-04-19,201.40102018395734,16998,Alemania,Audio
72,21534,Monitor,7,2022-08-12,278.6632579280201,10615,Perú,Informática
73,50397,Auriculares,9,2022-10-05,158.51962076068068,16911,Alemania,Audio
74,11016,Altavoces,1,2022-03-09,196.77558446667888,16010,Reino Unido,Audio
75,99789,Impresora,7,2022-03-10,250.00400591357914,12253,Estados Unidos,Informática
76,65591,Teclado,8,2022-06-14,84.56156342553132,14942,Perú,Accesorios
77,99812,Teclado,3,2022-11-01,81.58152640127102,10864,Colombia,Accesorios
78,33247,Impresora,4,2022-06-11,235.05493637213337,11268,Estados Unidos,Informática
79,34300,Mouse,6,2022-12-08,50.90232659150893,17454,Francia,Accesorios
80,84065,Altavoces,7,2022-11-05,196.30531431918624,18976,Alemania,Audio
81,92798,Altavoces,4,2022-12-09,198.7810216817545,14571,Alemania,Audio
82,19268,Impresora,8,2022-02-11,226.41556372013338,15229,Estados Unidos,Informática
83,96807,Smartphone,5,2022-12-20,753.6046959226051,12237,España,Electrónica
84,22185,Cámara,1,2022-04-19,573.7245697657233,14054,Alemania,Fotografía
85,73704,Laptop,4,2022-02-20,1251.1104018861133,10935,Francia,Informática
86,96779,Impresora,3,2022-09-07,225.57462366490577,16394,Colombia,Informática
87,49099,Auriculares,9,2022-12-07,147.26331783687397,17891,Argentina,Audio
88,18571,Auriculares,8,2022-01-21,162.720806112772,10325,Colombia,Audio
89,48044,Monitor,1,2022-10-27,276.7128369929474,19726,Colombia,Informática
90,61214,Impresora,6,2022-05-19,250.82121941093055,17774,Alemania,Informática
91,71228,Monitor,9,2022-12-25,317.1913429434508,13861,México,Informática
92,58984,Impresora,7,2022-11-20,272.12656537600583,11985,España,Informática
93,50774,Altavoces,4,2022-04-02,209.87106558134872,14932,Alemania,Audio
94,12568,Laptop,1,2022-10-07,1252.9357316746573,14603,España,Informática
95,72592,Altavoces,2,2022-05-05,213.0595236078305,12778,Reino Unido,Audio
96,77563,Cámara,5,2022-04-21,593.5441465173053,19462,México,Fotografía
97,12695,Teclado,5,2022-12-20,84.89351252188534,18832,Alemania,Accesorios
98,58190,Tablet,8,2022-05-19,450.79644047454514,17754,Chile,Electrónica
99,15258,Impresora,6,2022-09-30,271.22805276884026,14078,Colombia,Informática
100,97538,Cámara,8,2022-04-09,593.1967811420611,11367,Reino Unido,Fotografía
101,49504,Teclado,2,2022-09-09,80.85408300585198,14042,México,Accesorios
102,43159,Mouse,3,2022-12-04,47.548822489148826,12575,Alemania,Accesorios
103,23986,Laptop,6,2022-04-14,1258.2073998817013,16754,Francia,Informática
104,71858,Monitor,3,2022-08-02,274.5981483885149,11581,Estados Unidos,Informática
105,22666,Monitor,6,2022-09-06,322.35814815281014,11986,Estados Unidos,Informática
106,48660,Altavoces,6,2022-06-01,213.1246731602537,12240,España,Audio
107,13561,Auriculares,2,2022-09-07,141.481803487343,13966,México,Audio
108,36854,Teclado,7,2022-10-02,84.9491903725642,17604,Colombia,Accesorios
109,74505,Mouse,2,2022-06-14,52.86357733061482,18320,Colombia,Accesorios
110,62251,Cámara,6,2022-12-07,615.8659917304739,15968,Argentina,Fotografía
111,32662,Laptop,1,2022-01-08,1169.644842455925,19043,Estados Unidos,Informática
112,18392,Teclado,3,2022-10-11,76.3439800669099,17493,Reino Unido,Accesorios
113,40535,Mouse,2,2022-01-05,47.3178359028935,14103,México,Accesorios
114,88603,Tablet,7,2022-05-25,481.86089627636073,12076,Colombia,Electrónica
115,62256,Impresora,4,2022-04-11,270.1779221716265,15231,Argentina,Informática
116,99135,Monitor,8,2022-06-13,274.6584465593269,12994,México,Informática
117,45222,Cámara,6,2022-05-27,639.4645531503551,13744,Perú,Fotografía
118,87373,Monitor,4,2022-03-05,290.9334045025094,15594,Colombia,Informática
119,89575,Cámara,5,2022-04-01,602.591927521363,17531,Perú,Fotografía
120,94651,Altavoces,9,2022-04-27,211.77942534593964,17371,México,Audio
121,73335,Auriculares,7,2022-12-20,161.53129641068912,11644,Colombia,Audio
122,20965,Cámara,9,2022-09-24,581.3737704087176,13144,Perú,Fotografía
123,34538,Monitor,7,2022-11-06,297.7106088765066,10242,Chile,Informática
124,80592,Altavoces,1,2022-06-22,196.5806425926717,14085,Argentina,Audio
125,18110,Cámara,8,2022-02-16,541.5901240204693,17954,Reino Unido,Fotografía
126,89309,Tablet,4,2022-05-20,479.5942888858657,17269,Estados Unidos,Electrónica
127,37266,Auriculares,3,2022-09-03,148.77567701197685,17130,Argentina,Audio
128,62992,Cámara,7,2022-05-29,589.3312330656528,16828,Perú,Fotografía
129,92948,Altavoces,3,2022-09-03,208.87716910062716,18362,Colombia,Audio
130,16910,Teclado,8,2022-01-05,78.15685787553765,18844,Chile,Accesorios
131,10206,Smartphone,6,2022-07-03,798.3002318353073,16331,Chile,Electrónica
132,97054,Mouse,5,2022-01-20,49.29608592132364,13512,Estados Unidos,Accesorios
133,97897,Smartphone,4,2022-02-15,838.5001838230993,11499,Chile,Electrónica
134,33419,Smartphone,8,2022-01-12,858.075583837914,12158,Argentina,Electrónica
135,60636,Laptop,8,2022-03-11,1207.6533789618034,15162,Alemania,Informática
136,60015,Tablet,1,2022-01-17,528.9432194195192,14039,Chile,Electrónica
137,64268,Teclado,9,2022-05-27,76.7485869123176,12035,Estados Unidos,Accesorios
138,97939,Impresora,5,2022-06-03,252.06848050786346,17977,Chile,Informática
139,28141,Cámara,4,2022-10-31,581.4275944403968,10857,Chile,Fotografía
140,90356,Mouse,6,2022-04-18,49.14200925571831,13823,Francia,Accesorios
141,81910,Auriculares,6,2022-08-24,156.97241594438006,16770,Argentina,Audio
142,66044,Teclado,2,2022-11-04,86.1065997173234,19241,Perú,Accesorios
143,77214,Monitor,8,2022-12-18,277.2897234652659,10298,España,Informática
144,43827,Impresora,7,2022-03-11,256.7319628243691,17244,Alemania,Informática
145,65820,Laptop,1,2022-07-02,1219.7145138186718,10923,Chile,Informática
146,72623,Laptop,5,2022-09-07,1108.4196094022236,14232,Reino Unido,Informática
147,91734,Teclado,6,2022-08-16,75.39030928704175,14306,Chile,Accesorios
148,85450,Altavoces,4,2022-04-12,192.4400997893072,12799,Francia,Audio
149,32299,Smartphone,2,2022-03-16,746.7089713308003,16578,Perú,Electrónica
150,53585,Monitor,4,2022-08-04,284.62376895146053,14875,Reino Unido,Informática
151,74044,Laptop,1,2022-07-22,1144.2241917268097,15326,Alemania,Informática
152,52557,Mouse,7,2022-07-11,48.3567383303906,16582,Reino Unido,Accesorios
153,59080,Laptop,2,2022-09-06,1259.8537086722781,11802,Argentina,Informática
154,12693,Auriculares,2,2022-08-30,152.15736611551802,12657,Estados Unidos,Audio
155,79163,Cámara,9,2022-06-28,658.3496006341682,13346,Estados Unidos,Fotografía
156,35939,Laptop,5,2022-08-07,1179.5365984721932,19663,Alemania,Informática
157,58925,Auriculares,2,2022-03-23,157.61595221510777,12949,Perú,Audio
158,52941,Teclado,9,2022-04-02,85.94349474202454,10941,Estados Unidos,Accesorios
159,31834,Teclado,9,2022-06-24,82.86365588860868,11907,México,Accesorios
160,28047,Impresora,1,2022-08-27,245.59323702087482,14837,Francia,Informática
161,36105,Laptop,3,2022-09-17,1260.8627113789805,18105,Alemania,Informática
162,85766,Mouse,4,2022-06-12,47.036671377726854,11243,Alemania,Accesorios
163,25707,Laptop,7,2022-02-17,1158.6125196432317,15696,España,Informática
164,31976,Mouse,4,2022-11-25,50.46685255099289,11466,España,Accesorios
165,54262,Tablet,2,2022-11-24,507.54093872861483,13957,Argentina,Electrónica
166,33776,Impresora,7,2022-04-26,226.1070737736315,11966,Argentina,Informática
167,40080,Tablet,6,2022-12-03,544.5114188756008,10375,España,Electrónica
168,76842,Laptop,3,2022-12-03,1247.1905450921736,10262,Estados Unidos,Informática
169,71373,Impresora,6,2022-08-13,249.78518751159456,14362,Colombia,Informática
170,16776,Tablet,6,2022-12-18,543.3127234408308,16502,Alemania,Electrónica
171,65016,Smartphone,5,2022-11-24,790.2552904401325,17833,México,Electrónica
172,19474,Laptop,4,2022-05-27,1315.3045368648893,11893,Alemania,Informática
173,68053,Tablet,1,2022-03-04,501.22847572434847,18106,Chile,Electrónica
174,31959,Smartphone,6,2022-10-21,738.2857231996767,11652,Perú,Electrónica
175,15530,Smartphone,2,2022-11-19,842.3681555934843,15540,Francia,Electrónica
176,13748,Teclado,3,2022-11-21,82.86236360124545,13892,Colombia,Accesorios
177,23545,Laptop,8,2022-01-13,1265.516813113341,10599,México,Informática
178,76199,Smartphone,6,2022-07-08,872.230724596109,14815,Chile,Electrónica
179,44766,Teclado,3,2022-10-14,84.4238288424163,11912,Argentina,Accesorios
180,83530,Tablet,7,2022-07-27,511.13366022166474,19484,México,Electrónica
181,71087,Auriculares,4,2022-04-24,160.71926707082523,18792,España,Audio
182,78840,Laptop,9,2022-01-22,1241.5791454450878,18572,Alemania,Informática
183,64384,Impresora,5,2022-12-15,245.40595284129614,14213,México,Informática
184,61005,Mouse,3,2022-08-02,53.85619764241773,13637,Perú,Accesorios
185,56576,Mouse,2,2022-06-20,47.21900460784373,19290,Reino Unido,Accesorios
186,49353,Tablet,2,2022-11-19,521.4641274908724,15599,Argentina,Electrónica
187,72003,Altavoces,3,2022-02-23,215.26253819763025,16448,Francia,Audio
188,93211,Altavoces,2,2022-10-25,209.25266078813186,18557,Francia,Audio
189,62733,Tablet,4,2022-11-16,519.7275419053857,17382,México,Electrónica
190,75318,Smartphone,2,2022-05-06,840.4221270514938,18982,Reino Unido,Electrónica
191,99474,Laptop,9,2022-10-04,1191.6132595921547,13569,Alemania,Informática
192,33664,Mouse,2,2022-07-23,53.74170682157027,17707,Chile,Accesorios
193,77172,Mouse,9,2022-07-13,47.03436475136091,10746,Colombia,Accesorios
194,95616,Smartphone,6,2022-06-18,740.3818265600543,18504,Alemania,Electrónica
195,36736,Mouse,1,2022-06-01,47.855087801185114,14633,Chile,Accesorios
196,10854,Impresora,4,2022-02-04,251.57886983874965,10920,Colombia,Informática
197,48623,Laptop,1,2022-07-03,1202.5348308982411,19269,Reino Unido,Informática
198,17392,Cámara,6,2022-10-13,638.4718509211904,17008,Colombia,Fotografía
199,65680,Mouse,4,2022-02-26,49.045686564040174,12381,Alemania,Accesorios
200,56717,Tablet,3,2022-08-10,498.43444262915085,13618,Perú,Electrónica
201,97092,Impresora,3,2022-10-30,225.66838416296977,18989,México,Informática
202,60859,Mouse,9,2022-06-12,49.097392364429396,14443,Chile,Accesorios
203,36309,Impresora,6,2022-01-19,257.3887116475171,10272,Perú,Informática
204,97455,Teclado,9,2022-09-21,72.24813329002548,11773,Chile,Accesorios
205,73734,Cámara,5,2022-10-09,573.7058358223493,12547,México,Fotografía
206,80467,Monitor,2,2022-04-23,282.4773815573634,13164,Estados Unidos,Informática
207,62662,Tablet,8,2022-11-23,454.19854289095883,14780,Colombia,Electrónica
208,22688,Tablet,5,2022-01-30,497.9260089914538,10946,Reino Unido,Electrónica
209,35342,Laptop,2,2022-05-15,1123.6135903747577,10506,Estados Unidos,Informática
210,47157,Impresora,4,2022-03-08,262.154076981569,16719,Estados Unidos,Informática
211,77863,Smartphone,9,2022-03-06,855.6684614021357,18435,Francia,Electrónica
212,62083,Tablet,4,2022-10-19,504.5585182669148,18697,España,Electrónica
213,75733,Impresora,4,2022-01-25,274.08536712605706,16360,Alemania,Informática
214,99045,Impresora,2,2022-02-06,247.5239285735298,17657,Perú,Informática
215,44698,Auriculares,6,2022-01-01,150.40104630674747,13590,Perú,Audio
216,90623,Auriculares,2,2022-02-06,164.6765326187325,11192,Perú,Audio
217,32671,Monitor,7,2022-05-21,283.8929061579029,11464,Perú,Informática
218,35184,Teclado,3,2022-08-20,87.0807350348305,10390,Alemania,Accesorios
219,52107,Monitor,3,2022-05-16,272.5702533071468,15615,Estados Unidos,Informática
220,96202,Mouse,5,2022-07-07,49.463868902631944,16106,Alemania,Accesorios
221,61663,Smartphone,3,2022-05-08,731.2005619412905,18864,Perú,Electrónica
222,25708,Mouse,2,2022-07-20,52.292347429136434,12560,España,Accesorios
223,59811,Altavoces,9,2022-05-07,204.3363574352007,15867,Argentina,Audio
224,12811,Mouse,2,2022-09-14,52.06634263467597,11211,México,Accesorios
225,66250,Laptop,2,2022-06-13,1169.875295992324,19121,Perú,Informática
226,82082,Mouse,8,2022-02-04,48.694819340313806,11539,Reino Unido,Accesorios
227,44754,Monitor,9,2022-07-13,272.7191567376537,19104,Argentina,Informática
228,21411,Tablet,7,2022-07-10,484.99449395296404,10643,Alemania,Electrónica
229,12911,Tablet,3,2022-04-14,542.928840226206,18693,Reino Unido,Electrónica
230,77270,Auriculares,9,2022-01-23,146.37679611541347,18921,Reino Unido,Audio
231,93763,Smartphone,3,2022-09-22,853.0188329955151,11283,Chile,Electrónica
232,18680,Smartphone,5,2022-10-17,854.7720807599894,17680,Reino Unido,Electrónica
233,94896,Laptop,9,2022-09-17,1169.5778775310162,17345,Perú,Informática
234,93879,Monitor,3,2022-12-24,307.91932082377133,14386,Chile,Informática
235,81295,Auriculares,7,2022-03-16,137.86114806819177,10919,Francia,Audio
236,98614,Altavoces,1,2022-12-21,184.14714322937107,12339,Estados Unidos,Audio
237,21111,Smartphone,4,2022-03-13,727.7852261858741,18947,Reino Unido,Electrónica
238,47504,Tablet,4,2022-09-16,508.10150933751095,15930,España,Electrónica
239,11802,Mouse,7,2022-07-07,49.26070977626097,15402,México,Accesorios
240,18155,Mouse,8,2022-06-22,50.480323566642404,15663,Reino Unido,Accesorios
241,83656,Auriculares,1,2022-10-17,150.63219571525164,15275,Francia,Audio
242,49384,Monitor,5,2022-02-14,291.0121794654438,10507,Colombia,Informática
243,57254,Monitor,7,2022-03-02,310.64840488940837,11436,Alemania,Informática
244,31918,Teclado,4,2022-03-24,84.13603009466226,18750,Alemania,Accesorios
245,95981,Cámara,4,2022-05-03,541.7553910653211,17354,Francia,Fotografía
246,70713,Smartphone,4,2022-12-24,753.1587679630205,14516,Colombia,Electrónica
247,40306,Monitor,6,2022-01-16,312.79415208500023,13622,Alemania,Informática
248,26646,Tablet,7,2022-03-07,488.6620172633834,14399,Alemania,Electrónica
249,56843,Auriculares,2,2022-05-25,154.87451840824826,15037,Alemania,Audio
250,26371,Altavoces,5,2022-06-11,193.87850638938232,18111,Francia,Audio
251,87371,Teclado,4,2022-08-22,78.2520824372742,13715,Estados Unidos,Accesorios
252,12049,Impresora,3,2022-05-24,232.93394368448426,17837,México,Informática
253,41616,Laptop,7,2022-12-24,1141.9754447198784,11301,Francia,Informática
254,30932,Altavoces,6,2022-07-07,204.2164703003035,17370,Colombia,Audio
255,39855,Impresora,7,2022-11-18,246.6581555657583,15185,Reino Unido,Informática
256,71434,Mouse,5,2022-01-13,52.74302682944595,12155,Estados Unidos,Accesorios
257,82694,Laptop,6,2022-07-03,1284.6203891852024,16411,Estados Unidos,Informática
258,53016,Smartphone,5,2022-04-21,806.6634269146815,16365,Reino Unido,Electrónica
259,17400,Tablet,7,2022-10-17,525.826729205606,10692,España,Electrónica
260,52642,Laptop,2,2022-10-22,1153.6570831666968,11478,Chile,Informática
261,25151,Cámara,5,2022-08-03,589.7965458480094,16396,México,Fotografía
262,61407,Impresora,6,2022-04-30,260.63888381084155,18448,México,Informática
263,76690,Smartphone,6,2022-02-24,781.7939188507249,10441,España,Electrónica
264,14499,Cámara,5,2022-01-27,610.6205922190786,12646,Chile,Fotografía
265,16295,Mouse,7,2022-04-28,46.85372779082512,15209,México,Accesorios
266,69040,Cámara,8,2022-08-09,611.9725577964598,16533,Colombia,Fotografía
267,22183,Teclado,7,2022-08-19,85.7842193156303,14677,Argentina,Accesorios
268,39299,Teclado,5,2022-02-22,85.89823423717482,17211,Argentina,Accesorios
269,22874,Auriculares,1,2022-10-22,156.73033218988618,19927,México,Audio
270,42711,Altavoces,5,2022-11-17,209.83013516304504,12645,Perú,Audio
271,15539,Altavoces,2,2022-08-21,202.31709780602802,18210,México,Audio
272,63351,Smartphone,5,2022-06-07,813.5468944265319,19316,Reino Unido,Electrónica
273,71267,Mouse,5,2022-09-26,46.33650581410518,17933,Reino Unido,Accesorios
274,58354,Monitor,2,2022-01-21,296.6315513052781,15476,Chile,Informática
275,12557,Teclado,5,2022-02-22,79.21242054218182,17928,Alemania,Accesorios
276,48360,Smartphone,4,2022-10-02,873.3596537068385,12080,Estados Unidos,Electrónica
277,92018,Monitor,1,2022-11-09,295.8652117573974,16089,Colombia,Informática
278,12200,Altavoces,3,2022-10-08,201.97370579611032,17396,España,Audio
279,78497,Auriculares,1,2022-08-02,150.99754197837308,19739,México,Audio
280,56975,Cámara,5,2022-01-31,616.4114060453193,17797,Alemania,Fotografía
281,31357,Teclado,4,2022-12-03,83.97172530131033,10861,Alemania,Accesorios
282,87505,Smartphone,7,2022-07-02,756.0067001873396,18346,Colombia,Electrónica
283,12869,Laptop,5,2022-01-23,1206.8938605836247,13494,España,Informática
284,71135,Monitor,4,2022-02-01,319.55506243896184,10904,Reino Unido,Informática
285,60108,Cámara,2,2022-03-15,595.5737656605014,11269,Francia,Fotografía
286,48467,Teclado,4,2022-01-10,76.45532074197716,10404,Colombia,Accesorios
287,33328,Altavoces,2,2022-02-23,206.188363014252,19035,Alemania,Audio
288,96831,Mouse,8,2022-02-21,53.23767395799123,19974,Argentina,Accesorios
289,13987,Monitor,3,2022-05-28,273.78841757564345,19756,México,Informática
290,68871,Altavoces,9,2022-06-09,211.0716193362891,11184,Chile,Audio
291,32399,Teclado,4,2022-01-14,85.14636692738834,18938,Argentina,Accesorios
292,56214,Monitor,6,2022-06-27,297.6913756553164,11725,Alemania,Informática
293,96416,Cámara,5,2022-02-22,657.9966788182162,18462,Estados Unidos,Fotografía
294,80271,Teclado,1,2022-12-01,84.58733345131694,15811,Perú,Accesorios
295,54064,Impresora,9,2022-01-22,263.6831282447833,15606,España,Informática
296,80091,Smartphone,1,2022-01-30,839.6541719059314,13956,Reino Unido,Electrónica
297,50818,Cámara,8,2022-07-10,558.0729723861929,10171,México,Fotografía
298,55525,Monitor,9,2022-09-17,283.0338531871807,18465,Chile,Informática
299,29830,Mouse,9,2022-07-24,49.639901314644256,12306,Francia,Accesorios
300,27429,Altavoces,1,2022-02-28,190.56017399837864,19350,Reino Unido,Audio
301,16893,Laptop,2,2022-09-21,1179.6578333601697,19898,México,Informática
302,89909,Altavoces,1,2022-01-12,215.53856439691685,19963,Francia,Audio
303,57333,Monitor,2,2022-04-29,319.45961351275616,10421,Chile,Informática
304,13436,Altavoces,8,2022-10-17,205.2015951391993,15540,Alemania,Audio
305,84290,Smartphone,5,2022-12-04,857.2992630801766,19401,Perú,Electrónica
306,86213,Teclado,7,2022-09-05,84.54035822427599,14675,Argentina,Accesorios
307,15895,Laptop,2,2022-12-20,1182.9563836418138,19082,Argentina,Informática
308,29738,Tablet,8,2022-05-07,470.10651520499454,16748,Alemania,Electrónica
309,40746,Monitor,6,2022-03-16,300.8520624005604,16103,Reino Unido,Informática
310,59377,Auriculares,8,2022-12-27,157.0868664758565,11473,Alemania,Audio
311,58404,Tablet,1,2022-07-23,493.6419598729593,13243,Alemania,Electrónica
312,64045,Altavoces,1,2022-02-18,206.67087639135588,12181,México,Audio
313,49790,Monitor,7,2022-03-20,275.65964557746264,19641,México,Informática
314,15600,Impresora,8,2022-08-29,262.4002368185702,13096,Chile,Informática
315,50764,Auriculares,3,2022-12-15,159.38140859679189,16646,Perú,Audio
316,84543,Laptop,5,2022-06-03,1249.64108538733,19782,México,Informática
317,55714,Mouse,1,2022-10-01,54.67263587526365,15882,Chile,Accesorios
318,66835,Impresora,7,2022-04-06,266.332602873032,15982,Estados Unidos,Informática
319,83744,Tablet,5,2022-08-02,540.3093727876537,15798,Alemania,Electrónica
320,66491,Teclado,8,2022-10-21,86.93713733532236,19627,Alemania,Accesorios
321,28589,Smartphone,8,2022-07-28,848.2156786998094,18415,Reino Unido,Electrónica
322,53484,Mouse,9,2022-12-09,51.742588420065,18411,Estados Unidos,Accesorios
323,92989,Impresora,7,2022-03-29,225.28592906803945,19846,Reino Unido,Informática
324,46212,Teclado,1,2022-11-02,79.45321205156999,18456,Francia,Accesorios
325,53525,Teclado,3,2022-09-21,81.13859677795779,19145,Chile,Accesorios
326,57202,Monitor,8,2022-11-21,288.24181634688,14524,Chile,Informática
327,42635,Impresora,3,2022-11-16,240.90522234517363,16559,Alemania,Informática
328,73208,Laptop,8,2022-06-06,1310.6782597704396,17620,Colombia,Informática
329,43828,Altavoces,1,2022-06-05,215.66843460810983,12774,Francia,Audio
330,28711,Auriculares,5,2022-05-19,160.47537016505112,15673,Chile,Audio
331,13420,Auriculares,4,2022-05-01,147.18035405118331,13124,México,Audio
332,10301,Tablet,5,2022-03-06,451.3698550408914,18671,Alemania,Electrónica
333,55236,Tablet,8,2022-04-17,458.0222246455714,11353,Reino Unido,Electrónica
334,76235,Auriculares,4,2022-05-27,144.3658910465281,19081,Estados Unidos,Audio
335,64240,Laptop,4,2022-05-17,1083.7782991189624,13854,Reino Unido,Informática
336,75726,Smartphone,3,2022-06-11,722.7439651064318,18134,Argentina,Electrónica
337,20492,Cámara,7,2022-04-10,649.9923961970893,10924,Colombia,Fotografía
338,16102,Altavoces,3,2022-12-04,208.24634008476215,12170,Chile,Audio
339,60336,Smartphone,3,2022-11-03,769.4329584109045,15506,Perú,Electrónica
340,95314,Monitor,5,2022-05-21,277.9586746560572,12395,España,Informática
341,36641,Cámara,5,2022-03-24,601.3962861474093,18220,Colombia,Fotografía
342,44584,Cámara,6,2022-06-26,540.6415393025237,18226,Alemania,Fotografía
343,42745,Impresora,8,2022-07-17,271.92068719290717,15515,Chile,Informática
344,33093,Laptop,6,2022-04-22,1179.5556286533474,12670,Estados Unidos,Informática
345,76105,Laptop,1,2022-02-25,1176.56038925696,13365,Chile,Informática
346,61885,Cámara,8,2022-06-28,586.8712329098139,10588,España,Fotografía
347,46631,Impresora,8,2022-07-05,228.46641651938822,13138,Estados Unidos,Informática
348,82991,Altavoces,9,2022-08-06,205.5328895916731,19095,Reino Unido,Audio
349,14014,Cámara,9,2022-11-12,627.9604343554024,16663,Estados Unidos,Fotografía
350,21093,Mouse,2,2022-08-05,51.7612539758829,14086,Colombia,Accesorios
351,28070,Tablet,2,2022-04-30,463.8435493329394,18531,Reino Unido,Electrónica
352,45777,Tablet,3,2022-06-24,507.88401680355923,14270,Chile,Electrónica
353,66958,Smartphone,1,2022-01-23,811.1175174675607,16019,Alemania,Electrónica
354,92074,Monitor,4,2022-08-01,322.1046472764829,19906,Francia,Informática
355,20729,Tablet,4,2022-08-23,487.91276583756473,10556,Alemania,Electrónica
356,55017,Teclado,9,2022-01-13,77.94377509855094,18022,Chile,Accesorios
357,76320,Smartphone,9,2022-04-11,818.9643293949097,15452,España,Electrónica
358,37751,Tablet,9,2022-01-24,513.3072653499513,13567,Francia,Electrónica
359,88069,Monitor,7,2022-12-30,298.15711363954745,13899,Chile,Informática
360,64748,Laptop,2,2022-01-11,1186.3342469593013,16477,Perú,Informática
361,15801,Laptop,5,2022-09-30,1198.5954409530918,17500,Colombia,Informática
362,29190,Altavoces,4,2022-10-08,214.44181198013248,11016,Perú,Audio
363,59689,Cámara,8,2022-04-04,595.3400281504692,16470,Reino Unido,Fotografía
364,60993,Mouse,2,2022-07-20,54.399317919698234,12062,Argentina,Accesorios
365,39592,Laptop,6,2022-01-21,1200.9609032631183,19030,Chile,Informática
366,20647,Impresora,5,2022-12-06,272.46003465904454,19829,México,Informática
367,18716,Tablet,2,2022-07-30,533.2831901869076,14321,México,Electrónica
368,98891,Impresora,1,2022-05-20,243.12156613079148,13496,Estados Unidos,Informática
369,97545,Monitor,8,2022-10-20,321.818485277797,11813,Alemania,Informática
370,99912,Laptop,2,2022-10-25,1106.4151882082676,16256,Alemania,Informática
371,80316,Mouse,7,2022-04-11,54.25047175343014,19643,Alemania,Accesorios
372,12368,Monitor,9,2022-10-31,307.8986109049735,12313,Perú,Informática
373,87575,Teclado,9,2022-12-25,72.87025197635698,19706,Colombia,Accesorios
374,16655,Teclado,8,2022-01-28,82.30810757841299,11231,Chile,Accesorios
375,80031,Impresora,9,2022-02-10,273.7123827072378,19837,España,Informática
376,86429,Cámara,2,2022-12-21,548.3760785537555,15831,Estados Unidos,Fotografía
377,97922,Smartphone,6,2022-10-30,808.7500335648139,12999,Reino Unido,Electrónica
378,65766,Cámara,4,2022-05-26,629.7353219711247,13440,Francia,Fotografía
379,23403,Altavoces,4,2022-09-13,212.41034346798125,14056,Reino Unido,Audio
380,42097,Cámara,5,2022-08-15,589.6592958384955,10305,Chile,Fotografía
381,88657,Altavoces,3,2022-08-24,188.16666236672972,19915,Argentina,Audio
382,20966,Altavoces,1,2022-12-27,181.69369115089535,11689,Alemania,Audio
383,62921,Mouse,8,2022-01-13,50.79726157097225,19709,Francia,Accesorios
384,59726,Laptop,5,2022-07-29,1188.6986568642267,13917,Perú,Informática
385,60300,Mouse,3,2022-08-17,54.48744395149711,17080,Chile,Accesorios
386,32677,Altavoces,7,2022-04-10,182.42419630859638,18611,Argentina,Audio
387,65609,Monitor,7,2022-01-31,311.12372060676034,12936,Perú,Informática
388,66661,Teclado,1,2022-01-16,72.3994595539209,13862,Argentina,Accesorios
389,41024,Altavoces,9,2022-05-17,186.8573670684217,19642,Alemania,Audio
390,80313,Mouse,2,2022-11-25,49.53578999922834,15649,Perú,Accesorios
391,63006,Monitor,5,2022-06-15,297.2923465681721,13261,Colombia,Informática
392,25338,Mouse,5,2022-11-06,51.857005429336446,19356,México,Accesorios
393,78027,Cámara,8,2022-04-10,649.2255641841308,11819,Reino Unido,Fotografía
394,90135,Tablet,8,2022-04-19,513.9032158914921,11342,Colombia,Electrónica
395,29508,Impresora,7,2022-12-09,272.6767548925755,15560,Francia,Informática
396,13051,Smartphone,7,2022-06-22,861.0585023804797,12226,Estados Unidos,Electrónica
397,58747,Mouse,6,2022-08-25,50.8449979553079,11079,México,Accesorios
398,97142,Smartphone,6,2022-06-11,853.4067121470123,14206,Colombia,Electrónica
399,97235,Auriculares,9,2022-08-04,154.27732830970902,16280,Chile,Audio
400,64021,Mouse,6,2022-09-21,45.78557830923727,17235,Argentina,Accesorios
401,76412,Tablet,2,2022-09-20,524.056472325951,10813,Francia,Electrónica
402,68335,Smartphone,2,2022-10-19,735.1853506027754,15089,Chile,Electrónica
403,66179,Altavoces,5,2022-10-01,203.76331122278853,12031,México,Audio
404,42093,Mouse,4,2022-01-03,52.02640205858229,18514,Argentina,Accesorios
405,79678,Laptop,2,2022-01-28,1095.9666259706053,19095,Francia,Informática
406,90738,Impresora,3,2022-11-22,236.53973269632658,19733,Estados Unidos,Informática
407,49734,Tablet,7,2022-05-29,541.567223226165,15911,México,Electrónica
408,82615,Smartphone,8,2022-01-28,818.6103187572634,12653,Francia,Electrónica
409,83523,Tablet,6,2022-11-06,474.62860188105316,13340,Colombia,Electrónica
410,27019,Monitor,5,2022-03-06,311.4407862688804,17876,Francia,Informática
411,93613,Impresora,1,2022-12-22,254.83882099808446,11141,México,Informática
412,96672,Altavoces,8,2022-01-21,200.06302799671795,19041,Alemania,Audio
413,83847,Mouse,3,2022-09-09,54.761869749880844,18558,Colombia,Accesorios
414,92750,Mouse,6,2022-08-23,51.834537774075095,12897,Chile,Accesorios
415,89634,Mouse,3,2022-08-15,48.75441109667913,19281,México,Accesorios
416,38251,Impresora,7,2022-01-13,265.00367160384343,14041,Alemania,Informática
417,35945,Laptop,7,2022-11-09,1292.299990301085,12038,España,Informática
418,42217,Auriculares,9,2022-02-18,138.75661678550495,14270,Estados Unidos,Audio
419,18308,Teclado,5,2022-04-28,75.20884764552426,14683,Alemania,Accesorios
420,15949,Cámara,8,2022-02-23,565.9472410953335,10494,España,Fotografía
421,61990,Smartphone,8,2022-05-18,830.5938895018464,17116,Reino Unido,Electrónica
422,11150,Laptop,1,2022-02-22,1224.7294932127882,11784,Argentina,Informática
423,99480,Altavoces,5,2022-02-13,204.75966258794352,13510,Alemania,Audio
424,84740,Smartphone,3,2022-10-30,870.5237279503201,13786,Perú,Electrónica
425,76617,Mouse,1,2022-02-22,52.75911532807306,15266,Estados Unidos,Accesorios
426,26896,Tablet,4,2022-03-15,462.79369245117834,19190,Alemania,Electrónica
427,56175,Altavoces,8,2022-02-15,193.90028329700723,15428,España,Audio
428,17805,Smartphone,3,2022-01-13,789.6629833881177,16681,Perú,Electrónica
429,15237,Mouse,2,2022-06-14,48.95961588747605,16893,Estados Unidos,Accesorios
430,30056,Smartphone,9,2022-04-12,827.0893774659006,19643,Perú,Electrónica
431,55543,Tablet,5,2022-10-07,539.1893103256563,19943,Colombia,Electrónica
432,66556,Mouse,7,2022-09-15,48.06051463522788,14658,España,Accesorios
433,13343,Auriculares,2,2022-12-03,151.55631409263557,17082,Francia,Audio
434,23500,Laptop,9,2022-12-22,1269.4582612592606,16869,Colombia,Informática
435,63222,Monitor,9,2022-05-18,294.973083530721,17607,Estados Unidos,Informática
436,39375,Cámara,4,2022-06-12,560.1741754079155,17669,Estados Unidos,Fotografía
437,19662,Impresora,4,2022-04-21,248.74754826318744,16219,México,Informática
438,26964,Cámara,6,2022-04-12,546.6267024891634,14534,España,Fotografía
439,69638,Altavoces,6,2022-01-17,217.6953381600911,15979,Reino Unido,Audio
440,83666,Cámara,1,2022-09-25,548.9785446233968,18890,Reino Unido,Fotografía
441,95067,Mouse,9,2022-07-01,49.38456715250578,11312,Estados Unidos,Accesorios
442,77215,Auriculares,2,2022-01-24,150.8964378326558,12962,Reino Unido,Audio
443,79042,Monitor,5,2022-01-29,329.1182299372372,12938,Argentina,Informática
444,23284,Laptop,9,2022-06-20,1119.8452376742866,13197,México,Informática
445,82789,Laptop,4,2022-08-16,1107.463564466966,15296,Estados Unidos,Informática
446,94664,Tablet,3,2022-07-07,450.8706147062544,17204,Reino Unido,Electrónica
447,71389,Impresora,7,2022-12-12,232.77857184346513,15730,España,Informática
448,19435,Smartphone,6,2022-08-18,753.1636766508268,10126,Alemania,Electrónica
449,64340,Auriculares,8,2022-11-17,153.91742824749278,15602,Francia,Audio
450,54078,Smartphone,3,2022-12-06,755.1530864626241,11191,Colombia,Electrónica
451,88832,Monitor,5,2022-04-29,271.2312488837595,12639,Colombia,Informática
452,61293,Cámara,4,2022-06-05,639.1942014602986,11366,Argentina,Fotografía
453,88781,Laptop,4,2022-09-29,1167.742968240952,19211,Perú,Informática
454,70403,Monitor,4,2022-06-24,291.22180119484403,16453,España,Informática
455,39124,Cámara,8,2022-04-14,576.2974835001512,16671,Perú,Fotografía
456,53919,Laptop,6,2022-04-02,1314.089586515141,16683,México,Informática
457,45247,Cámara,3,2022-07-05,560.4138500771138,14539,Francia,Fotografía
458,72752,Impresora,5,2022-10-10,269.9119031976618,18876,México,Informática
459,66573,Auriculares,6,2022-06-30,158.30409996419664,12887,Estados Unidos,Audio
460,69101,Altavoces,5,2022-06-19,183.05919821997253,19654,España,Audio
461,36646,Monitor,6,2022-07-06,329.2037460900509,14086,Estados Unidos,Informática
462,33049,Monitor,8,2022-06-24,286.28195781234064,12261,Chile,Informática
463,89605,Teclado,7,2022-08-10,73.57732683235861,14180,Reino Unido,Accesorios
464,78385,Mouse,5,2022-08-21,53.29314234125759,12841,Colombia,Accesorios
465,50158,Impresora,6,2022-06-11,260.33377668388505,19959,Alemania,Informática
466,75417,Impresora,4,2022-05-14,255.86094029389506,16040,Estados Unidos,Informática
467,33289,Smartphone,9,2022-08-12,744.9569381918293,13560,Perú,Electrónica
468,19823,Cámara,4,2022-06-02,597.4195339507155,14758,Chile,Fotografía
469,70160,Mouse,1,2022-02-02,52.80556026887214,10626,Colombia,Accesorios
470,51975,Auriculares,7,2022-02-24,144.10871814431522,15014,Estados Unidos,Audio
471,19540,Auriculares,7,2022-01-07,144.35069485545125,11375,Chile,Audio
472,26364,Impresora,4,2022-09-01,225.1570453024061,11181,Chile,Informática
473,14611,Auriculares,3,2022-11-09,140.22730204936138,15708,España,Audio
474,37663,Teclado,8,2022-05-06,86.00649000194935,10490,México,Accesorios
475,61991,Monitor,5,2022-01-12,296.5047894982624,13729,Chile,Informática
476,67679,Tablet,7,2022-01-16,548.4234499234434,15974,Argentina,Electrónica
477,40977,Altavoces,4,2022-07-27,195.8283185429517,13534,México,Audio
478,59115,Smartphone,4,2022-02-12,834.4298327648387,13296,Colombia,Electrónica
479,98223,Cámara,8,2022-05-15,573.8302851485676,11940,Colombia,Fotografía
480,70890,Altavoces,8,2022-08-16,194.55238564563734,15014,Colombia,Audio
481,76387,Cámara,2,2022-04-21,562.8871185109074,11882,Colombia,Fotografía
482,28071,Laptop,2,2022-11-03,1163.2949684398548,14908,Argentina,Informática
483,69275,Altavoces,3,2022-06-09,201.88950081682572,12987,Estados Unidos,Audio
484,82369,Tablet,3,2022-11-27,549.177288097925,15585,Francia,Electrónica
485,21938,Impresora,1,2022-09-21,258.21008565358926,13159,Chile,Informática
486,45195,Teclado,3,2022-08-13,75.18793527053303,14530,Colombia,Accesorios
487,14000,Monitor,6,2022-08-05,272.6976864954931,10681,México,Informática
488,80588,Monitor,8,2022-02-14,277.58138887887065,15254,México,Informática
489,48304,Teclado,6,2022-08-02,81.00088322036876,11073,Chile,Accesorios
490,79449,Mouse,5,2022-02-28,52.65160328816767,12387,Estados Unidos,Accesorios
491,92986,Laptop,4,2022-05-12,1305.7006097521794,12693,Alemania,Informática
492,99643,Cámara,3,2022-04-14,541.8987806396185,19562,Alemania,Fotografía
493,30764,Tablet,4,2022-07-14,502.27601415618693,14340,Francia,Electrónica
494,96027,Auriculares,7,2022-06-06,149.1260206866953,12156,Estados Unidos,Audio
495,48494,Altavoces,1,2022-04-08,206.24220087902816,17966,Chile,Audio
496,13373,Laptop,7,2022-08-14,1214.298925071682,12580,Alemania,Informática
497,22161,Altavoces,1,2022-07-24,207.48156602329922,17257,Alemania,Audio
498,37350,Tablet,2,2022-03-20,515.8082584749191,12159,Alemania,Electrónica
499,35351,Smartphone,4,2022-05-04,738.7218759772713,16772,Perú,Electrónica
500,98668,Smartphone,1,2022-08-06,847.9548661789952,11627,Argentina,Electrónica
501,25305,Laptop,9,2022-01-04,1109.575818171918,18219,Chile,Informática
502,85353,Impresora,6,2022-03-31,259.92653126045684,17080,Reino Unido,Informática
503,86797,Tablet,1,2022-04-14,491.6145367640607,11985,España,Electrónica
504,75953,Tablet,1,2022-04-29,501.3850734576598,19713,España,Electrónica
505,67458,Teclado,6,2022-05-13,86.45276823001137,18488,Estados Unidos,Accesorios
506,30358,Impresora,4,2022-11-08,269.49418632367434,12181,Chile,Informática
507,13267,Cámara,4,2022-04-06,638.1427566786036,12296,Chile,Fotografía
508,92745,Cámara,6,2022-11-27,601.2178056547588,17164,España,Fotografía
509,99588,Auriculares,7,2022-05-23,157.08719430401501,12597,Francia,Audio
510,48513,Monitor,9,2022-10-15,300.77382333112854,10901,España,Informática
511,36092,Smartphone,5,2022-01-28,859.1369731959645,16060,Chile,Electrónica
512,21338,Cámara,9,2022-10-05,588.333099987948,19290,Alemania,Fotografía
513,10412,Impresora,4,2022-08-21,273.5117672207438,11677,Francia,Informática
514,17543,Tablet,2,2022-01-17,543.2322758228878,12881,Colombia,Electrónica
515,43496,Cámara,3,2022-02-28,628.9923143342144,15622,Reino Unido,Fotografía
516,70692,Tablet,1,2022-03-31,477.9415884176072,18052,Perú,Electrónica
517,99084,Cámara,6,2022-07-18,555.798430655191,11378,Argentina,Fotografía
518,54425,Smartphone,6,2022-12-28,856.7525520149117,11248,Colombia,Electrónica
519,48756,Altavoces,1,2022-01-26,186.61209144551844,15650,México,Audio
520,28888,Cámara,3,2022-01-25,642.5112946796803,16079,España,Fotografía
521,45735,Impresora,5,2022-10-28,249.53825033561802,19456,Reino Unido,Informática
522,57295,Cámara,3,2022-12-05,588.7868140569725,17036,España,Fotografía
523,93042,Monitor,3,2022-09-24,324.19144673006576,16487,España,Informática
524,95999,Smartphone,3,2022-06-30,816.6161572064444,11058,Colombia,Electrónica
525,27955,Impresora,5,2022-12-26,253.83070035648592,12048,Alemania,Informática
526,47841,Teclado,5,2022-03-09,80.94025511399037,16115,Alemania,Accesorios
527,80640,Impresora,4,2022-12-17,243.5584758009766,14248,Perú,Informática
528,75510,Monitor,1,2022-11-17,317.1385862117476,12476,Francia,Informática
529,44911,Altavoces,5,2022-02-18,190.11193776063092,14603,España,Audio
530,69031,Smartphone,5,2022-06-24,870.223193606604,13553,Estados Unidos,Electrónica
531,98726,Teclado,4,2022-02-21,86.30376328075137,19953,Alemania,Accesorios
532,17357,Monitor,6,2022-04-12,290.2488195404939,10220,Chile,Informática
533,42479,Monitor,4,2022-08-04,313.76782618989984,14818,Reino Unido,Informática
534,71476,Laptop,7,2022-07-07,1217.573566667902,17192,Estados Unidos,Informática
535,54811,Smartphone,7,2022-02-26,774.0238883198775,14623,Colombia,Electrónica
536,46208,Impresora,2,2022-02-16,274.4260823997723,17349,Colombia,Informática
537,30150,Tablet,3,2022-06-08,452.5237345848264,15618,Perú,Electrónica
538,81180,Altavoces,1,2022-06-23,190.10584122485147,19856,Perú,Audio
539,53286,Tablet,8,2022-08-30,502.0074061111151,17209,Francia,Electrónica
540,78450,Impresora,9,2022-10-09,251.0976501739282,14576,Chile,Informática
541,31352,Impresora,4,2022-08-29,254.44665374727822,11871,Reino Unido,Informática
542,65069,Smartphone,6,2022-01-05,840.268187523667,17915,Chile,Electrónica
543,24397,Impresora,9,2022-03-25,256.1738915259648,11462,México,Informática
544,51555,Laptop,6,2022-11-04,1224.0675505267288,15521,Perú,Informática
545,56959,Teclado,9,2022-12-27,72.8562314066087,18536,Francia,Accesorios
546,10728,Impresora,4,2022-09-05,243.82651438946493,18236,Argentina,Informática
547,60517,Tablet,8,2022-02-23,473.2055739701156,17813,España,Electrónica
548,76234,Impresora,9,2022-06-10,238.26850558009878,12068,España,Informática
549,49954,Laptop,4,2022-08-14,1213.0409938416826,15753,Argentina,Informática
550,57280,Cámara,5,2022-01-15,563.9406377915531,17237,Alemania,Fotografía
551,89459,Cámara,8,2022-08-12,575.2738921220277,17016,Chile,Fotografía
552,26779,Monitor,6,2022-03-02,284.2250825110404,16191,Argentina,Informática
553,73932,Altavoces,7,2022-05-02,217.9401177287278,11514,Francia,Audio
554,82936,Auriculares,3,2022-10-04,163.33997196513286,12598,Reino Unido,Audio
555,34466,Teclado,7,2022-02-15,81.75906493753683,11001,Argentina,Accesorios
556,46939,Mouse,8,2022-10-21,54.245224687319,11033,Francia,Accesorios
557,79896,Monitor,6,2022-03-03,317.1487587281024,16899,Perú,Informática
558,45270,Altavoces,9,2022-03-27,203.59791531207233,18465,Estados Unidos,Audio
559,69163,Cámara,6,2022-07-29,540.7722253796155,15051,Colombia,Fotografía
560,92637,Tablet,9,2022-03-19,527.2516286079403,19971,Colombia,Electrónica
561,61934,Mouse,4,2022-07-21,52.024883415884695,14476,México,Accesorios
562,74895,Altavoces,8,2022-10-29,204.61014613129657,10478,Chile,Audio
563,42307,Altavoces,4,2022-08-11,210.41697246729888,10515,Reino Unido,Audio
564,64098,Monitor,2,2022-08-10,300.77532988648596,11191,Estados Unidos,Informática
565,70921,Mouse,9,2022-01-03,52.04083271321339,16297,Estados Unidos,Accesorios
566,15486,Smartphone,5,2022-01-06,869.6275338762391,19603,Perú,Electrónica
567,18335,Auriculares,4,2022-04-03,146.27415047538258,10271,Argentina,Audio
568,96900,Smartphone,2,2022-01-08,833.2994935841,18334,Chile,Electrónica
569,99112,Mouse,1,2022-08-23,49.75687818010959,17778,España,Accesorios
570,21130,Smartphone,7,2022-04-18,827.903944290237,16008,Estados Unidos,Electrónica
571,97508,Laptop,6,2022-06-10,1263.0944005330473,17987,Francia,Informática
572,70566,Cámara,2,2022-07-28,545.4543000522955,13332,España,Fotografía
573,76703,Laptop,8,2022-08-28,1235.184106547679,10787,México,Informática
574,37192,Impresora,4,2022-11-27,236.33705922034724,16222,Argentina,Informática
575,11062,Smartphone,8,2022-11-29,827.2052060492108,19873,Argentina,Electrónica
576,94076,Impresora,7,2022-02-19,248.4165092966907,10622,Reino Unido,Informática
577,99780,Tablet,5,2022-01-11,527.3552741864887,13841,Estados Unidos,Electrónica
578,31545,Teclado,8,2022-12-17,73.97441304328954,13676,Perú,Accesorios
579,31689,Tablet,9,2022-06-05,512.6322351656195,12572,Alemania,Electrónica
580,21174,Mouse,5,2022-03-11,47.784707289275524,16915,Alemania,Accesorios
581,98461,Altavoces,5,2022-06-18,214.11927981322364,15033,Colombia,Audio
582,19348,Cámara,2,2022-09-29,651.4060206763569,17788,Francia,Fotografía
583,33714,Smartphone,5,2022-03-09,879.4237269886489,15214,España,Electrónica
584,48102,Monitor,3,2022-12-21,317.760444145637,14712,México,Informática
585,84460,Teclado,7,2022-09-09,84.05974512684807,10066,Colombia,Accesorios
586,99930,Auriculares,5,2022-02-17,141.46502276602655,17533,Argentina,Audio
587,16801,Auriculares,8,2022-07-03,145.08021176970325,14616,España,Audio
588,82267,Auriculares,1,2022-11-16,148.9704762528684,11140,Chile,Audio
589,58136,Smartphone,3,2022-07-06,843.7409676451599,15730,Estados Unidos,Electrónica
590,33625,Auriculares,3,2022-03-31,162.44897595233905,17465,México,Audio
591,92873,Laptop,9,2022-11-28,1125.3933840055163,19379,Chile,Informática
592,82592,Teclado,5,2022-05-19,86.75787975472164,14471,Perú,Accesorios
593,87052,Laptop,9,2022-12-23,1246.949916564974,13339,Estados Unidos,Informática
594,54261,Altavoces,9,2022-03-30,204.43082922740157,10548,España,Audio
595,11542,Teclado,1,2022-10-01,75.19746034051104,17675,Estados Unidos,Accesorios
596,31677,Laptop,2,2022-01-19,1093.3260078741962,18264,Colombia,Informática
597,56732,Teclado,5,2022-11-07,81.09543837612705,10198,Reino Unido,Accesorios
598,60343,Altavoces,4,2022-12-24,206.06062733315568,19973,Colombia,Audio
599,49081,Impresora,9,2022-06-03,235.53907246773443,10571,Perú,Informática
600,72856,Smartphone,7,2022-09-17,809.0329929320731,10790,Francia,Electrónica
601,98858,Smartphone,6,2022-04-18,857.0389444420119,19830,Chile,Electrónica
602,29065,Auriculares,7,2022-10-12,160.0519783636506,11174,Colombia,Audio
603,93460,Tablet,1,2022-02-28,542.7355180586297,10178,Reino Unido,Electrónica
604,98092,Auriculares,1,2022-05-05,145.9765742867064,12244,Francia,Audio
605,64693,Mouse,8,2022-12-20,48.18049572550919,14086,Colombia,Accesorios
606,36962,Laptop,2,2022-09-30,1259.862241435394,10734,Argentina,Informática
607,38295,Teclado,9,2022-04-17,78.89779848155209,16232,Reino Unido,Accesorios
608,23807,Tablet,7,2022-10-26,458.7548664027781,10798,Chile,Electrónica
609,52348,Altavoces,6,2022-09-02,191.31204522682,17601,México,Audio
610,36432,Mouse,1,2022-12-02,49.18582285531489,18979,Alemania,Accesorios
611,93285,Altavoces,1,2022-09-04,191.70065701905008,12795,Francia,Audio
612,67854,Smartphone,2,2022-01-08,773.1528913515715,14588,Argentina,Electrónica
613,50262,Smartphone,6,2022-05-21,767.0041449879025,17297,México,Electrónica
614,47080,Auriculares,6,2022-12-28,136.2449750154924,13084,España,Audio
615,11324,Laptop,2,2022-01-08,1232.9027281978663,10731,Reino Unido,Informática
616,45909,Tablet,1,2022-12-18,509.729242035347,11129,Argentina,Electrónica
617,99339,Cámara,5,2022-04-04,618.4060198174417,11605,Estados Unidos,Fotografía
618,29870,Mouse,5,2022-11-17,46.923098960336276,12933,España,Accesorios
619,44578,Mouse,2,2022-02-08,47.956545416124854,19407,España,Accesorios
620,82124,Auriculares,6,2022-03-22,153.58847780834768,18516,Francia,Audio
621,36790,Smartphone,9,2022-07-06,815.9404109535874,15074,Reino Unido,Electrónica
622,35289,Auriculares,2,2022-03-25,150.18990928062803,17099,Argentina,Audio
623,65129,Teclado,2,2022-03-29,77.60661200016317,11490,Perú,Accesorios
624,25485,Tablet,3,2022-08-30,541.293100477469,10893,Argentina,Electrónica
625,54482,Laptop,7,2022-12-08,1161.5448581517226,11390,Colombia,Informática
626,96188,Impresora,6,2022-04-03,247.78095782186261,13389,España,Informática
627,14748,Monitor,8,2022-03-27,310.6868298572525,14239,Chile,Informática
628,96769,Monitor,8,2022-02-13,302.58128585200586,14479,España,Informática
629,19435,Auriculares,6,2022-05-17,145.40657929093157,12263,España,Audio
630,13709,Teclado,3,2022-03-15,78.97031664730416,13432,Alemania,Accesorios
631,40355,Tablet,3,2022-02-05,529.4480817853506,12371,Estados Unidos,Electrónica
632,65771,Cámara,1,2022-04-11,573.3754986583934,14312,Perú,Fotografía
633,67799,Monitor,7,2022-06-05,278.53531438660895,11515,México,Informática
634,23116,Tablet,5,2022-09-12,481.31632018297773,16326,México,Electrónica
635,35470,Laptop,4,2022-06-20,1283.8882117170963,17088,Estados Unidos,Informática
636,52344,Altavoces,4,2022-08-04,183.55958859425388,15586,España,Audio
637,52918,Teclado,4,2022-06-19,87.86713717395924,12917,México,Accesorios
638,62224,Smartphone,6,2022-09-09,806.560463828426,15731,Reino Unido,Electrónica
639,49298,Tablet,8,2022-12-26,548.4845743967094,17686,Perú,Electrónica
640,90219,Laptop,8,2022-11-18,1305.3591413006347,11167,México,Informática
641,71629,Cámara,5,2022-02-24,594.33764570531,18302,Estados Unidos,Fotografía
642,76040,Impresora,6,2022-04-01,234.92455373026746,15109,Colombia,Informática
643,38016,Smartphone,4,2022-10-05,746.3815642504221,14327,México,Electrónica
644,33960,Impresora,9,2022-04-11,236.99946819349788,15810,Perú,Informática
645,43591,Cámara,8,2022-06-04,625.2159168677446,13655,Francia,Fotografía
646,92848,Laptop,1,2022-12-15,1145.507998735557,13793,Francia,Informática
647,77641,Monitor,2,2022-12-30,290.48551617625793,19947,Reino Unido,Informática
648,46395,Impresora,9,2022-05-21,247.43894019973075,16738,Argentina,Informática
649,32700,Smartphone,8,2022-06-22,866.1172288674329,11577,Argentina,Electrónica
650,44620,Auriculares,3,2022-01-10,140.68180253654538,19488,México,Audio
651,30559,Mouse,8,2022-08-16,45.05026552609803,12220,Chile,Accesorios
652,71642,Tablet,1,2022-09-22,456.00964103781706,19164,Colombia,Electrónica
653,86539,Monitor,4,2022-09-05,324.2859805008071,11030,Estados Unidos,Informática
654,31732,Impresora,3,2022-09-04,257.37582324216817,16691,Colombia,Informática
655,40354,Altavoces,6,2022-06-04,190.92162477311228,13992,Francia,Audio
656,23843,Tablet,7,2022-02-03,467.71925010111914,10913,México,Electrónica
657,81726,Auriculares,4,2022-05-09,143.82800209911343,16358,Perú,Audio
658,27640,Cámara,7,2022-06-09,553.7756312701537,12181,Estados Unidos,Fotografía
659,62528,Mouse,9,2022-03-30,54.41532910284441,13197,Colombia,Accesorios
660,48413,Laptop,2,2022-04-03,1268.209481847664,16040,Perú,Informática
661,62638,Auriculares,3,2022-11-23,148.8717353073762,11462,Estados Unidos,Audio
662,62736,Auriculares,5,2022-08-29,160.94887815345606,17037,Colombia,Audio
663,78866,Cámara,3,2022-11-19,569.9349845151879,19499,Reino Unido,Fotografía
664,29087,Teclado,8,2022-04-27,83.47392909555509,14994,Francia,Accesorios
665,51430,Cámara,8,2022-04-04,642.7358998816493,19381,España,Fotografía
666,34504,Teclado,8,2022-06-12,77.70829938597237,15308,Estados Unidos,Accesorios
667,17114,Teclado,9,2022-04-09,84.11943112721148,16221,Francia,Accesorios
668,88859,Monitor,4,2022-04-23,287.7043409558586,17090,Alemania,Informática
669,20975,Monitor,5,2022-12-25,287.93142811554185,17769,Chile,Informática
670,21023,Smartphone,5,2022-04-01,737.1291485686698,10687,México,Electrónica
671,31447,Impresora,8,2022-12-12,247.00290232546996,14661,Alemania,Informática
672,33959,Impresora,7,2022-07-25,261.48559532487116,19399,Perú,Informática
673,76203,Laptop,9,2022-01-17,1305.6529933371085,11894,Estados Unidos,Informática
674,39703,Impresora,8,2022-10-01,255.1898495964548,17389,México,Informática
675,19337,Monitor,2,2022-06-22,321.78813226414434,14922,México,Informática
676,56427,Smartphone,4,2022-04-26,851.5991438864363,16322,Alemania,Electrónica
677,71529,Smartphone,6,2022-12-15,747.734888476045,13183,Alemania,Electrónica
678,94665,Teclado,2,2022-06-30,79.7730788626021,13797,España,Accesorios
679,41921,Cámara,7,2022-04-01,554.0308242630471,15178,Colombia,Fotografía
680,43307,Laptop,3,2022-03-23,1243.7167587747927,19836,Estados Unidos,Informática
681,37355,Teclado,3,2022-11-20,87.19839469193722,13968,Francia,Accesorios
682,14835,Cámara,2,2022-04-24,556.4507349694508,12716,Argentina,Fotografía
683,30159,Impresora,8,2022-09-14,261.69415654012704,10190,Estados Unidos,Informática
684,57605,Teclado,6,2022-02-27,82.11581041388577,11335,Estados Unidos,Accesorios
685,48088,Tablet,1,2022-06-03,508.36050370081,18181,Estados Unidos,Electrónica
686,88752,Impresora,1,2022-04-26,244.50601173441697,10378,México,Informática
687,65284,Cámara,7,2022-12-09,582.6157977304575,13829,Perú,Fotografía
688,67043,Laptop,8,2022-09-23,1090.859805364533,16380,México,Informática
689,45547,Cámara,5,2022-11-11,566.1490449902417,10615,Perú,Fotografía
690,92844,Teclado,5,2022-07-22,72.24283011658923,12330,Alemania,Accesorios
691,37532,Teclado,4,2022-02-10,81.30267368931231,11754,Argentina,Accesorios
692,44349,Auriculares,6,2022-04-15,138.17559707633728,10463,México,Audio
693,55445,Laptop,6,2022-07-12,1289.524654567132,19158,Perú,Informática
694,15713,Altavoces,3,2022-10-05,200.9257208278866,14267,México,Audio
695,66178,Impresora,9,2022-12-20,259.98449545293545,13158,Chile,Informática
696,59407,Smartphone,7,2022-08-25,785.7371346944794,13624,México,Electrónica
697,80340,Laptop,1,2022-08-09,1214.5391541602517,14938,Argentina,Informática
698,60990,Smartphone,7,2022-03-09,870.825468314661,15417,Argentina,Electrónica
699,85672,Laptop,5,2022-07-16,1099.856169509681,16004,Perú,Informática
700,75545,Laptop,5,2022-09-13,1140.9450652616872,18881,Perú,Informática
701,94791,Cámara,2,2022-05-19,633.5985992292653,15603,Alemania,Fotografía
702,68141,Laptop,4,2022-11-08,1103.6969296518398,12212,Argentina,Informática
703,33793,Auriculares,6,2022-05-29,137.26983311712334,16120,Argentina,Audio
704,66570,Altavoces,7,2022-04-09,194.46165595016154,15818,España,Audio
705,47892,Teclado,5,2022-03-17,73.47468733555891,10382,Estados Unidos,Accesorios
706,11015,Mouse,9,2022-10-09,50.850784422062034,12256,Reino Unido,Accesorios
707,71813,Smartphone,3,2022-04-19,756.204040130656,11412,México,Electrónica
708,37712,Teclado,1,2022-07-07,86.33116741118997,19775,Colombia,Accesorios
709,18415,Mouse,4,2022-07-18,52.83500080845257,16146,Alemania,Accesorios
710,72292,Altavoces,9,2022-10-30,207.98820824397905,10371,Estados Unidos,Audio
711,33833,Altavoces,4,2022-11-23,204.6777610953801,15806,Reino Unido,Audio
712,14158,Smartphone,2,2022-06-03,858.1545168546342,15565,España,Electrónica
713,72680,Smartphone,5,2022-02-09,755.6899298468411,18802,Colombia,Electrónica
714,30309,Altavoces,3,2022-05-13,214.92435371056914,18307,Perú,Audio
715,16970,Mouse,9,2022-05-12,52.89492298424052,17437,Argentina,Accesorios
716,82474,Laptop,4,2022-10-06,1259.5585983330445,10446,Chile,Informática
717,96704,Impresora,6,2022-12-28,253.0627839037462,11391,Alemania,Informática
718,56540,Tablet,2,2022-03-25,474.62441609706,11340,Francia,Electrónica
719,30384,Teclado,6,2022-08-30,78.77676665587035,12939,Argentina,Accesorios
720,28017,Cámara,3,2022-04-26,635.2284785446562,15969,Chile,Fotografía
721,85880,Teclado,9,2022-04-19,72.50845574971719,19265,Reino Unido,Accesorios
722,18702,Cámara,2,2022-08-09,633.846092311651,14813,Perú,Fotografía
723,10384,Mouse,9,2022-02-10,47.40070740487566,13569,Colombia,Accesorios
724,10404,Cámara,5,2022-05-27,557.3171040865924,15454,Reino Unido,Fotografía
725,50943,Smartphone,8,2022-04-22,738.5122109088484,13150,Argentina,Electrónica
726,57926,Impresora,2,2022-04-13,226.36250059754076,19797,Argentina,Informática
727,39189,Impresora,6,2022-02-15,251.17932426107265,16414,Colombia,Informática
728,22763,Smartphone,3,2022-11-20,754.9215796309968,14657,Francia,Electrónica
729,28384,Auriculares,5,2022-09-28,164.68295297338895,16947,Chile,Audio
730,70100,Mouse,8,2022-07-14,50.74436755872206,17943,Reino Unido,Accesorios
731,19860,Auriculares,1,2022-10-07,139.13655808068032,13662,Perú,Audio
732,90642,Auriculares,5,2022-10-10,155.66287622434098,14482,Argentina,Audio
733,60612,Teclado,3,2022-02-09,86.3638970641556,14797,Reino Unido,Accesorios
734,33574,Altavoces,4,2022-07-08,209.80717981478455,15068,Francia,Audio
735,33524,Teclado,2,2022-06-13,73.22303777663117,15480,Reino Unido,Accesorios
736,79172,Altavoces,9,2022-01-24,215.8353672477064,18033,Colombia,Audio
737,20916,Tablet,3,2022-01-24,529.3929385859965,10983,Perú,Electrónica
738,14809,Cámara,2,2022-01-04,558.9964680126737,15607,España,Fotografía
739,42201,Altavoces,9,2022-11-19,182.0714355493127,18543,Colombia,Audio
740,63330,Smartphone,7,2022-10-17,809.1696920502894,19916,Reino Unido,Electrónica
741,23456,Teclado,6,2022-06-30,74.49657298143963,19471,España,Accesorios
742,66397,Mouse,1,2022-09-05,53.34590952595273,11907,Argentina,Accesorios
743,48765,Cámara,5,2022-04-26,583.0001588006008,16924,España,Fotografía
744,44816,Tablet,3,2022-10-06,541.2892444736575,19216,Francia,Electrónica
745,55106,Altavoces,1,2022-03-10,202.62752688564026,18737,México,Audio
746,63932,Tablet,4,2022-12-17,468.26723842396683,14174,Francia,Electrónica
747,27100,Mouse,2,2022-09-11,46.395988673598005,19080,Colombia,Accesorios
748,67091,Auriculares,2,2022-06-30,152.29417312673263,17265,México,Audio
749,31949,Impresora,3,2022-11-14,263.0941805931222,19297,Colombia,Informática
750,80080,Mouse,8,2022-06-18,52.81505647742182,11990,Alemania,Accesorios
751,47744,Monitor,8,2022-11-09,286.54544426647686,15596,Perú,Informática
752,55543,Mouse,7,2022-09-06,47.04246758912168,13998,Estados Unidos,Accesorios
753,46187,Tablet,6,2022-07-07,451.67563044923827,13775,Argentina,Electrónica
754,17239,Smartphone,9,2022-02-23,828.6718641921871,19112,Argentina,Electrónica
755,24489,Teclado,4,2022-11-22,73.22509213493663,14645,Alemania,Accesorios
756,68017,Smartphone,1,2022-12-23,787.3217922825481,12061,Reino Unido,Electrónica
757,71877,Tablet,8,2022-11-09,510.1682164018296,14487,Chile,Electrónica
758,53125,Teclado,7,2022-05-18,86.99374311871483,14435,Colombia,Accesorios
759,59922,Monitor,7,2022-06-17,288.70812821734614,12644,Estados Unidos,Informática
760,42049,Impresora,3,2022-04-13,237.488608122326,11045,Estados Unidos,Informática
761,47131,Cámara,4,2022-03-26,618.4992185143318,17951,Francia,Fotografía
762,52944,Tablet,9,2022-11-13,511.9239032053582,16449,Francia,Electrónica
763,83963,Altavoces,6,2022-07-31,193.284391332325,12681,Chile,Audio
764,34285,Tablet,5,2022-01-03,542.8101835509786,13199,Reino Unido,Electrónica
765,47626,Tablet,3,2022-06-28,534.4862327489632,16768,Alemania,Electrónica
766,52808,Teclado,9,2022-12-08,75.5837207338413,19130,España,Accesorios
767,98464,Laptop,5,2022-10-30,1137.3942109042855,17440,Francia,Informática
768,63871,Mouse,5,2022-11-28,50.123003468870806,18633,Reino Unido,Accesorios
769,29198,Laptop,4,2022-02-07,1265.657304415373,12550,Perú,Informática
770,29758,Monitor,4,2022-08-27,272.6424227633079,14225,Argentina,Informática
771,25254,Altavoces,1,2022-06-18,207.7334061493883,10596,Argentina,Audio
772,54238,Impresora,7,2022-12-09,257.4117948691049,16054,Reino Unido,Informática
773,11252,Auriculares,9,2022-11-10,141.94440287738965,11505,Chile,Audio
774,49764,Monitor,3,2022-11-02,310.88118079448094,19053,Alemania,Informática
775,87709,Auriculares,2,2022-01-30,163.20549573756247,16468,Estados Unidos,Audio
776,47441,Auriculares,3,2022-07-09,136.40357534915304,17236,Chile,Audio
777,63682,Impresora,1,2022-12-23,240.98260276460312,11551,Reino Unido,Informática
778,69494,Smartphone,6,2022-01-25,790.1082746666168,19928,Alemania,Electrónica
779,91317,Laptop,7,2022-04-22,1295.8224861419255,16852,Alemania,Informática
780,75215,Tablet,2,2022-07-25,546.2261446609157,11449,Colombia,Electrónica
781,88587,Cámara,8,2022-07-04,593.2938295795599,15953,México,Fotografía
782,16949,Auriculares,6,2022-02-16,157.50085236426574,18456,Argentina,Audio
783,65393,Altavoces,4,2022-08-16,201.26644095057932,18042,Reino Unido,Audio
784,83553,Monitor,5,2022-02-08,302.2669760844826,12659,Estados Unidos,Informática
785,16941,Smartphone,8,2022-01-16,764.495922410617,17509,México,Electrónica
786,35934,Auriculares,3,2022-01-22,141.5086873759164,17893,Perú,Audio
787,33386,Smartphone,3,2022-08-01,766.0808553478466,17445,Francia,Electrónica
788,71886,Smartphone,4,2022-11-06,809.0124811611327,12721,Colombia,Electrónica
789,85745,Auriculares,1,2022-05-29,135.87465558066268,19654,Francia,Audio
790,93251,Teclado,9,2022-08-29,86.5159831097025,19637,México,Accesorios
791,63413,Mouse,8,2022-09-29,46.56283709549776,12925,México,Accesorios
792,66800,Altavoces,8,2022-02-28,188.80354707485546,19824,Francia,Audio
793,52318,Tablet,6,2022-10-14,501.8276176447647,17104,Estados Unidos,Electrónica
794,80173,Tablet,7,2022-07-21,521.011476633728,16240,Estados Unidos,Electrónica
795,80390,Altavoces,6,2022-02-01,183.8291621897759,10512,España,Audio
796,62329,Teclado,9,2022-06-11,77.0831151607546,10215,Perú,Accesorios
797,53088,Tablet,3,2022-09-12,546.8674605574357,17299,Estados Unidos,Electrónica
798,49811,Smartphone,3,2022-09-11,761.9748746849514,13153,Perú,Electrónica
799,65479,Impresora,3,2022-01-09,240.65250725315735,17450,Perú,Informática
800,95392,Monitor,3,2022-05-19,320.189909437082,11706,México,Informática
801,97369,Laptop,9,2022-01-10,1092.0514636057092,11567,Perú,Informática
802,29963,Tablet,4,2022-08-02,496.46131688089713,11128,Colombia,Electrónica
803,65123,Altavoces,7,2022-09-30,195.1846705780668,13510,Francia,Audio
804,83477,Impresora,9,2022-11-20,240.82933799543258,17867,España,Informática
805,24388,Auriculares,7,2022-02-17,143.57098782134292,12365,Reino Unido,Audio
806,15569,Mouse,9,2022-04-21,45.913741048604095,15583,Chile,Accesorios
807,79836,Altavoces,3,2022-06-02,192.59303317406597,14897,España,Audio
808,46586,Smartphone,4,2022-05-03,726.888384434507,15718,Colombia,Electrónica
809,22015,Mouse,8,2022-12-23,52.809638636444355,16001,España,Accesorios
810,55002,Monitor,6,2022-04-12,293.89366763748075,14567,Perú,Informática
811,16254,Monitor,5,2022-08-29,296.6342299391947,19271,México,Informática
812,27144,Teclado,4,2022-11-17,86.29751338320212,12741,Chile,Accesorios
813,34214,Cámara,8,2022-07-10,618.9665980633465,13020,Estados Unidos,Fotografía
814,90719,Teclado,1,2022-08-05,72.12894565347392,16256,México,Accesorios
815,81774,Impresora,9,2022-02-20,272.1587411480643,10228,Perú,Informática
816,16090,Mouse,1,2022-10-19,47.37144465977711,18362,Perú,Accesorios
817,21637,Cámara,8,2022-03-22,552.9137021711831,10294,Chile,Fotografía
818,32415,Auriculares,4,2022-03-29,158.04384535142646,14284,Chile,Audio
819,34071,Smartphone,9,2022-07-13,800.076370538675,18617,Argentina,Electrónica
820,68243,Mouse,5,2022-04-14,49.33770566018018,16801,Alemania,Accesorios
821,51240,Teclado,3,2022-09-28,75.99204927492387,10918,Alemania,Accesorios
822,93807,Laptop,9,2022-04-06,1211.3931575669565,10498,México,Informática
823,43434,Cámara,9,2022-07-17,572.9261526243105,12809,Estados Unidos,Fotografía
824,79724,Cámara,4,2022-01-01,648.1899606344481,14961,España,Fotografía
825,85697,Smartphone,4,2022-06-16,754.4327167573108,19017,Perú,Electrónica
826,38732,Tablet,8,2022-05-06,538.4355150455754,13779,Perú,Electrónica
827,21314,Monitor,2,2022-11-09,303.5643255436414,12118,Argentina,Informática
828,33954,Monitor,9,2022-03-22,319.70928803371453,16391,México,Informática
829,67108,Laptop,6,2022-09-08,1251.0830390066292,10145,México,Informática
830,97044,Impresora,9,2022-06-18,259.83475557183743,17942,Francia,Informática
831,97505,Impresora,8,2022-03-14,241.21729038475277,14565,Chile,Informática
832,46668,Auriculares,7,2022-05-21,142.0169079441661,10192,Estados Unidos,Audio
833,33061,Mouse,1,2022-03-11,47.10886227680788,15187,Chile,Accesorios
834,89252,Altavoces,3,2022-09-19,214.28766628238355,16637,Estados Unidos,Audio
835,49749,Tablet,2,2022-12-06,532.042682025902,18243,Colombia,Electrónica
836,26907,Teclado,5,2022-11-04,79.04917644819692,12410,Reino Unido,Accesorios
837,28777,Altavoces,5,2022-09-02,185.2961845398582,11820,Alemania,Audio
838,61745,Altavoces,5,2022-01-03,195.29009007909835,12964,Alemania,Audio
839,91818,Cámara,4,2022-12-03,614.3212144964293,12521,Estados Unidos,Fotografía
840,33624,Laptop,5,2022-03-04,1189.0567570751887,12568,Alemania,Informática
841,33321,Monitor,3,2022-02-18,316.81135610897974,15882,Chile,Informática
842,20488,Auriculares,1,2022-03-17,164.92868466754157,11867,Perú,Audio
843,32574,Impresora,5,2022-06-24,234.55660442244485,17465,Chile,Informática
844,15240,Laptop,9,2022-04-19,1190.3161967182973,17602,Estados Unidos,Informática
845,53221,Cámara,9,2022-07-02,591.7180682304987,13199,México,Fotografía
846,20478,Teclado,4,2022-07-11,76.87188052398321,16103,Chile,Accesorios
847,65645,Auriculares,3,2022-03-06,140.9428655016087,10240,Alemania,Audio
848,29262,Cámara,1,2022-12-03,547.8830539787591,13440,Argentina,Fotografía
849,62796,Monitor,2,2022-09-28,323.2271590334219,14631,Francia,Informática
850,14432,Monitor,8,2022-04-10,295.19092186117905,19599,Perú,Informática
851,74291,Monitor,1,2022-02-01,299.81373111000295,18274,Alemania,Informática
852,89104,Laptop,8,2022-12-18,1300.0660915682197,15077,Argentina,Informática
853,69399,Laptop,7,2022-05-08,1266.3097146038276,13768,Estados Unidos,Informática
854,89714,Impresora,8,2022-12-05,231.52506320585923,19142,Colombia,Informática
855,60428,Impresora,6,2022-02-12,253.27099838038714,17995,Argentina,Informática
856,97731,Teclado,9,2022-03-19,79.07603642431295,18802,Reino Unido,Accesorios
857,10302,Auriculares,3,2022-11-10,158.91633217736288,16429,Colombia,Audio
858,92558,Smartphone,4,2022-10-16,835.8772076179118,13605,España,Electrónica
859,10055,Smartphone,6,2022-09-27,830.4649155057715,12173,Perú,Electrónica
860,18717,Cámara,8,2022-06-11,580.8653802575876,19714,Alemania,Fotografía
861,38699,Monitor,5,2022-07-08,318.2978238239553,16568,España,Informática
862,83686,Auriculares,3,2022-09-04,136.57173886784585,12601,Chile,Audio
863,77661,Altavoces,6,2022-08-04,186.38499605728668,12657,Estados Unidos,Audio
864,54247,Laptop,4,2022-11-11,1160.549585514699,16080,Perú,Informática
865,26748,Mouse,9,2022-12-05,45.76807441069282,17325,México,Accesorios
866,14621,Tablet,3,2022-06-17,473.49942775346915,12159,Colombia,Electrónica
867,25034,Teclado,4,2022-12-05,85.28241572796671,13830,México,Accesorios
868,15126,Monitor,7,2022-07-12,326.8950922674048,18313,España,Informática
869,15122,Monitor,7,2022-10-10,288.2761413464514,14368,Argentina,Informática
870,28030,Monitor,4,2022-12-02,285.8709482393303,11317,Argentina,Informática
871,92838,Laptop,6,2022-01-13,1147.1742365391424,14493,Estados Unidos,Informática
872,94717,Laptop,3,2022-08-28,1146.6525809642026,11230,España,Informática
873,65658,Tablet,6,2022-11-16,453.5930182185973,11133,Francia,Electrónica
874,48638,Altavoces,2,2022-05-27,217.0766538532443,17607,Perú,Audio
875,77067,Auriculares,8,2022-07-23,141.41094424710985,11301,Colombia,Audio
876,98869,Monitor,2,2022-03-21,295.2002444448843,11910,Argentina,Informática
877,44674,Smartphone,7,2022-02-12,721.5499012385549,18082,Argentina,Electrónica
878,45854,Impresora,9,2022-03-30,267.8977545457529,18107,México,Informática
879,56271,Smartphone,1,2022-05-28,836.9851751127868,19697,México,Electrónica
880,83688,Cámara,8,2022-04-05,653.6107242208444,17970,Alemania,Fotografía
881,48518,Smartphone,7,2022-05-31,845.0584766714239,11916,Chile,Electrónica
882,20267,Cámara,6,2022-01-02,577.6447814462479,16996,Francia,Fotografía
883,11062,Mouse,6,2022-01-22,47.47873358728424,12757,México,Accesorios
884,60448,Impresora,6,2022-11-09,259.88581537766464,16464,México,Informática
885,16229,Smartphone,9,2022-11-24,778.2580440016799,10178,Perú,Electrónica
886,66793,Mouse,2,2022-01-07,50.66215015752616,19088,Alemania,Accesorios
887,57915,Teclado,1,2022-07-25,72.10011953642352,16362,México,Accesorios
888,14632,Auriculares,6,2022-04-24,136.85657105041426,19743,Colombia,Audio
889,13596,Mouse,8,2022-09-29,50.35367941181651,18683,Perú,Accesorios
890,16168,Auriculares,3,2022-03-24,151.98214939344496,10060,Chile,Audio
891,17561,Smartphone,1,2022-06-28,840.232471113495,19269,España,Electrónica
892,83794,Altavoces,9,2022-07-29,185.27861278495848,16681,Perú,Audio
893,92152,Mouse,1,2022-11-24,50.13183083756779,12895,España,Accesorios
894,36734,Impresora,3,2022-05-04,234.7223822215844,10585,Argentina,Informática
895,16371,Smartphone,8,2022-04-23,734.9113791300312,15823,Alemania,Electrónica
896,36069,Monitor,3,2022-01-12,294.62974764363327,10534,Chile,Informática
897,89905,Laptop,4,2022-05-06,1119.2007955413737,13462,Alemania,Informática
898,22910,Mouse,8,2022-02-22,47.21781978192319,14011,Chile,Accesorios
899,83479,Impresora,1,2022-11-27,240.8777289934751,13398,Alemania,Informática
900,87735,Teclado,6,2022-10-10,76.15021441189114,12155,Perú,Accesorios
901,91264,Monitor,1,2022-05-20,275.2554778443568,15966,Alemania,Informática
902,33275,Teclado,1,2022-04-07,73.43865991775525,17329,Reino Unido,Accesorios
903,82274,Smartphone,8,2022-01-05,750.9199064374669,16957,Chile,Electrónica
904,91449,Laptop,4,2022-02-26,1092.1342051102895,19196,España,Informática
905,70004,Mouse,1,2022-11-30,51.26457019676928,15325,Chile,Accesorios
906,72981,Mouse,7,2022-03-10,47.873267165089025,18518,Argentina,Accesorios
907,94659,Altavoces,5,2022-04-28,191.18983871076284,14703,Colombia,Audio
908,64553,Altavoces,5,2022-02-28,193.27993176951063,12706,Reino Unido,Audio
909,58447,Smartphone,1,2022-02-02,826.0474038735556,10001,Estados Unidos,Electrónica
910,44529,Smartphone,6,2022-11-14,859.3014210373585,19225,Chile,Electrónica
911,85703,Laptop,9,2022-02-19,1262.1808638133534,18316,México,Informática
912,86090,Altavoces,9,2022-01-19,209.1011692090038,11104,Perú,Audio
913,27260,Impresora,8,2022-08-02,249.21955928004246,11861,Perú,Informática
914,13812,Impresora,5,2022-07-16,259.6902778483706,15269,Alemania,Informática
915,38024,Laptop,1,2022-02-16,1212.66296832806,16943,Alemania,Informática
916,68656,Impresora,9,2022-06-16,235.81252640932647,18320,Perú,Informática
917,37285,Cámara,1,2022-10-16,565.030604128926,10437,Francia,Fotografía
918,11605,Auriculares,8,2022-05-21,143.8917602062585,14846,Reino Unido,Audio
919,81158,Laptop,5,2022-03-25,1298.5926410327552,13129,Reino Unido,Informática
920,82303,Laptop,3,2022-07-01,1211.3795616911343,19413,España,Informática
921,37139,Tablet,7,2022-03-20,523.390537700187,18081,Chile,Electrónica
922,87149,Monitor,7,2022-08-03,290.79352558899285,10901,Estados Unidos,Informática
923,66138,Monitor,9,2022-01-14,294.4629462399135,15398,Perú,Informática
924,86125,Cámara,7,2022-08-03,555.0678694364701,16678,Chile,Fotografía
925,23918,Altavoces,3,2022-05-08,186.85179831286683,15529,Reino Unido,Audio
926,95655,Smartphone,1,2022-11-06,852.3770487721833,16604,Argentina,Electrónica
927,37446,Smartphone,8,2022-09-05,813.574181070221,13918,Perú,Electrónica
928,23046,Teclado,3,2022-01-29,77.4005194541411,11067,Chile,Accesorios
929,34818,Cámara,8,2022-10-07,636.3421450794655,10026,Reino Unido,Fotografía
930,14324,Laptop,8,2022-12-04,1139.164777353116,16937,Colombia,Informática
931,86323,Cámara,5,2022-11-15,657.1239238320245,17264,Reino Unido,Fotografía
932,19111,Cámara,1,2022-07-21,581.3781129295404,17118,Alemania,Fotografía
933,48110,Cámara,7,2022-12-27,580.4773144981473,10547,México,Fotografía
934,26389,Monitor,5,2022-02-26,288.71471433220233,18758,Francia,Informática
935,51427,Cámara,8,2022-08-06,554.6533819109146,18895,Francia,Fotografía
936,89579,Auriculares,9,2022-03-03,138.33411441996037,15338,Alemania,Audio
937,38746,Smartphone,7,2022-06-06,823.6968055254598,13140,Alemania,Electrónica
938,97886,Teclado,7,2022-07-21,86.00188871292875,17996,Perú,Accesorios
939,10117,Auriculares,1,2022-01-17,158.7156153081502,11590,Colombia,Audio
940,94471,Teclado,4,2022-11-18,74.25772150434162,17776,Colombia,Accesorios
941,23234,Tablet,2,2022-01-06,504.5582121792067,14943,Perú,Electrónica
942,63441,Teclado,2,2022-02-27,73.68946473562625,18997,Chile,Accesorios
943,10846,Smartphone,2,2022-11-21,727.2471429780924,17798,Perú,Electrónica
944,20954,Smartphone,4,2022-11-14,825.0217375015628,13791,Estados Unidos,Electrónica
945,89239,Cámara,1,2022-06-18,604.2182800416421,11357,Estados Unidos,Fotografía
946,56514,Mouse,4,2022-03-23,45.82023685211471,18092,Francia,Accesorios
947,98236,Tablet,2,2022-08-07,453.49392464059883,13225,Reino Unido,Electrónica
948,16469,Laptop,5,2022-06-26,1317.5415392182404,12460,Perú,Informática
949,40105,Impresora,3,2022-07-23,226.5010666074536,18737,Perú,Informática
950,52101,Teclado,8,2022-03-12,79.11245204880257,12728,Chile,Accesorios
951,74323,Mouse,4,2022-09-23,50.04619024607696,16726,España,Accesorios
952,68067,Cámara,1,2022-04-08,554.0736177360534,17481,Francia,Fotografía
953,59376,Monitor,1,2022-12-11,280.143706706383,16430,Francia,Informática
954,55587,Laptop,3,2022-10-18,1164.4332015384846,13114,Francia,Informática
955,46976,Altavoces,9,2022-07-27,210.4670350485465,10616,Reino Unido,Audio
956,77584,Mouse,7,2022-01-02,50.070824240602676,13644,Alemania,Accesorios
957,88477,Monitor,2,2022-05-04,308.2741124731777,16413,Argentina,Informática
958,52533,Tablet,9,2022-10-07,548.5174555090675,11203,España,Electrónica
959,11828,Cámara,2,2022-03-15,632.1606522375852,19951,Reino Unido,Fotografía
960,11917,Laptop,3,2022-06-15,1184.2467595538922,12565,Estados Unidos,Informática
961,30618,Laptop,2,2022-01-22,1187.1460612311716,13174,Chile,Informática
962,42254,Laptop,3,2022-06-03,1228.5052984898412,13081,Alemania,Informática
963,57362,Tablet,6,2022-10-22,516.5365208418904,12630,Estados Unidos,Electrónica
964,30128,Teclado,9,2022-08-07,80.01137481338674,13161,Alemania,Accesorios
965,69383,Altavoces,9,2022-06-06,205.79444891259922,14321,Colombia,Audio
966,75545,Tablet,7,2022-08-18,452.35324944140984,18861,Francia,Electrónica
967,92180,Impresora,3,2022-01-20,246.48114319484222,16269,Alemania,Informática
968,97958,Altavoces,4,2022-02-10,191.15752304293906,17099,México,Audio
969,19865,Smartphone,6,2022-05-28,740.6679112388977,17376,Francia,Electrónica
970,12219,Cámara,5,2022-04-18,551.945581537053,14078,Francia,Fotografía
971,49809,Tablet,2,2022-03-25,510.3192165614667,15801,Chile,Electrónica
972,15287,Monitor,6,2022-11-18,301.4160328291567,14151,España,Informática
973,44387,Altavoces,3,2022-11-05,190.14336467985478,18911,Estados Unidos,Audio
974,18512,Impresora,8,2022-10-17,248.54750293862574,12600,Alemania,Informática
975,11342,Smartphone,2,2022-11-19,798.7571704291853,16175,Alemania,Electrónica
976,73076,Teclado,1,2022-05-14,75.12014368701786,10666,Colombia,Accesorios
977,29216,Monitor,9,2022-07-26,309.125583712899,10283,Francia,Informática
978,89767,Altavoces,3,2022-10-10,211.23677425544366,15840,Perú,Audio
979,36614,Cámara,1,2022-09-23,634.9756249067424,13565,Argentina,Fotografía
980,46258,Monitor,7,2022-03-14,306.14818984220733,14593,Perú,Informática
981,52078,Smartphone,5,2022-12-18,801.8621732030423,11465,Alemania,Electrónica
982,93524,Monitor,5,2022-02-17,273.6604285803237,18321,Perú,Informática
983,22219,Auriculares,1,2022-11-22,143.63493896554817,14734,Chile,Audio
984,10235,Mouse,9,2022-08-21,45.9327144677817,16257,México,Accesorios
985,52929,Teclado,7,2022-04-10,87.42117057405558,17366,Alemania,Accesorios
986,77444,Smartphone,8,2022-02-28,741.6128233961217,13672,Alemania,Electrónica
987,18567,Monitor,9,2022-09-15,279.10652459106615,17382,México,Informática
988,80792,Mouse,6,2022-03-06,53.89576618330493,16587,Estados Unidos,Accesorios
989,75441,Mouse,5,2022-03-24,54.43928283476458,10992,México,Accesorios
990,94555,Monitor,6,2022-06-03,315.9497423540946,16858,Perú,Informática
991,83698,Cámara,2,2022-09-23,540.6485908407204,12121,Chile,Fotografía
992,15415,Auriculares,4,2022-11-05,135.04038812869692,12223,Colombia,Audio
993,46159,Tablet,3,2022-03-20,487.81007697874514,14522,Estados Unidos,Electrónica
994,53925,Auriculares,7,2022-11-11,139.3018611003268,13188,Reino Unido,Audio
995,15951,Monitor,9,2022-05-30,271.10316852909585,13237,Colombia,Informática
996,97388,Teclado,5,2022-02-17,79.42506703047208,14136,España,Accesorios
997,18007,Tablet,6,2022-09-05,544.3061897406972,10343,España,Electrónica
998,51832,Smartphone,2,2022-10-05,771.811131984389,14704,España,Electrónica
999,68596,Auriculares,3,2022-12-22,154.83422035286088,14823,España,Audio
1000,40523,Monitor,3,2022-04-08,309.13412118794645,14920,Chile,Informática
